{
    "content_scripts": [], 
    "description": "Infolab Context", 
    "creator": "Northwestern University InfoLab", 
    "framework_version": "1.7.6 e5b39c50d196", 
    "base_url": "http://127.0.0.1:5000/", 
    "background_scripts": [
        "js/main.js"
    ], 
    "homepage_url": "http://hugin.research.northwestern.edu", 
    "version": "0.1.0", 
    "options_page": "options.html", 
    "framework_package_id": "dev", 
    "browser_button": {
        "caption": "Context -dev-", 
        "tooltipText": "Context -dev-", 
        "popup": {
            "url": "popup.html", 
            "width": 300, 
            "height": 400
        }, 
        "icon": "icons/information.png"
    }, 
    "id": "boakbefpcaplhkiflamiejifcdnhabme", 
    "name": "InfoLab Context -dev-"
}