{
    "kango_version": "1.3.9 5f7ad87d19fe", 
    "content_scripts": [], 
    "description": "Infolab Context", 
    "developer_id": "YOUR_SAFARI_DEVELOPER_ID", 
    "creator": "Northwestern University InfoLab", 
    "kango_package_id": "dev", 
    "base_url": "http://23.236.61.92/context/", 
    "background_scripts": [
        "js/main.js"
    ], 
    "homepage_url": "http://infolabprojects.com/", 
    "version": "0.1.0", 
    "options_page": "options.html", 
    "browser_button": {
        "caption": "Context", 
        "tooltipText": "Context", 
        "popup": {
            "url": "popup.html", 
            "width": 300
        }, 
        "icon": "icons/information.png"
    }, 
    "id": "com.kangoextensions.tweettalk", 
    "name": "Infolab Context"
}