{
    "kango_version": "1.3.9 5f7ad87d19fe", 
    "content_scripts": [], 
    "search_url": "http://context.infolabprojects.com/url/qwotd/", 
    "description": "View tweets about an article", 
    "creator": "Northwestern University InfoLab", 
    "kango_package_id": "dev", 
    "background_scripts": [
        "js/main.js"
    ], 
    "homepage_url": "http://infolabprojects.com/", 
    "version": "0.1.0", 
    "auth_url": "http://context.infolabprojects.com/auth/check/qwotd/", 
    "browser_button": {
        "caption": "Qwotd", 
        "tooltipText": "Qwotd", 
        "popup": {
            "url": "popup.html", 
            "width": 600, 
            "height": 520
        }, 
        "icon": "icons/button.png"
    }, 
    "id": "com.kangoextensions.qwotd", 
    "name": "Qwotd"
}