{
    "kango_version": "1.3.9 5f7ad87d19fe", 
    "content_scripts": [], 
    "description": "rlink", 
    "developer_id": "YOUR_SAFARI_DEVELOPER_ID", 
    "creator": "Northwestern University InfoLab", 
    "kango_package_id": "dev", 
    "base_url": "http://context.infolabprojects.com/", 
    "background_scripts": [
        "js/main.js"
    ], 
    "homepage_url": "http://infolabprojects.com/", 
    "version": "0.1.0", 
    "auth_url": "http://context.infolabprojects.com/auth/check/rlink/", 
    "browser_button": {
        "caption": "rlink", 
        "tooltipText": "rlink", 
        "popup": {
            "url": "popup.html", 
            "width": 600, 
            "height": 520
        }, 
        "icon": "icons/button.png"
    }, 
    "id": "com.kangoextensions.rlink", 
    "name": "rlink"
}